uri,name
http://n2t.net/ark:/39333/ncg/place/NCG01612,Bolin Creek
http://n2t.net/ark:/39333/ncg/place/NCG01642,Booker Creek
http://n2t.net/ark:/39333/ncg/place/NCG02025,Buck Quarter Creek
http://n2t.net/ark:/39333/ncg/place/NCG02503,Cane Creek
http://n2t.net/ark:/39333/ncg/place/NCG02750,Cates Creek
http://n2t.net/ark:/39333/ncg/place/NCG02887,Chapel Creek
http://n2t.net/ark:/39333/ncg/place/NCG03366,Collins Creek
http://n2t.net/ark:/39333/ncg/place/NCG05185,Ferrells Creek
http://n2t.net/ark:/39333/ncg/place/NCG06713,Haw Creek
http://n2t.net/ark:/39333/ncg/place/NCG07137,Hogan Creek
http://n2t.net/ark:/39333/ncg/place/NCG08718,Lick Creek
http://n2t.net/ark:/39333/ncg/place/NCG09835,McGowan Creek
http://n2t.net/ark:/39333/ncg/place/NCG09930,Meeting of the Waters
http://n2t.net/ark:/39333/ncg/place/NCG10722,Neville Creek
http://n2t.net/ark:/39333/ncg/place/NCG11152,Old Field Creek
http://n2t.net/ark:/39333/ncg/place/NCG11731,Phils Creek
http://n2t.net/ark:/39333/ncg/place/NCG12699,Rhodes Creek
http://n2t.net/ark:/39333/ncg/place/NCG13620,Sevenmile Creek
http://n2t.net/ark:/39333/ncg/place/NCG14729,Strouds Creek
http://n2t.net/ark:/39333/ncg/place/NCG15161,Threemile Creek
http://n2t.net/ark:/39333/ncg/place/NCG15480,Turkey Hill Creek
