swamp,swampLabel
http://www.wikidata.org/entity/Q32824672,Aaron Swamp
http://www.wikidata.org/entity/Q32825161,Acorn Hill Millpond
http://www.wikidata.org/entity/Q32825823,Ahoskie Swamp
http://www.wikidata.org/entity/Q32826666,Alligator Bay
http://www.wikidata.org/entity/Q26916279,Angola Swamp
http://www.wikidata.org/entity/Q32828999,Ash Swamp
http://www.wikidata.org/entity/Q32829184,Ashpole Swamp
http://www.wikidata.org/entity/Q32829613,Aunt Phoebes Marsh
http://www.wikidata.org/entity/Q32830987,Baldwin Swamp
http://www.wikidata.org/entity/Q32831067,Ball Pocosin
http://www.wikidata.org/entity/Q32831569,Barden Bay
http://www.wikidata.org/entity/Q32832949,Bay Branch
http://www.wikidata.org/entity/Q32833190,Bay Marsh
http://www.wikidata.org/entity/Q32833321,Baybush Swamp
http://www.wikidata.org/entity/Q32834802,Beach Marsh
http://www.wikidata.org/entity/Q32834993,Bear Bay
http://www.wikidata.org/entity/Q32836029,Bear Garden Bay
http://www.wikidata.org/entity/Q32836198,Bear Pen Islands Swamp
http://www.wikidata.org/entity/Q32836222,Bear Pond
http://www.wikidata.org/entity/Q32836330,Bear Swamp
http://www.wikidata.org/entity/Q32836332,Bear Swamp
http://www.wikidata.org/entity/Q32836333,Bear Swamp
http://www.wikidata.org/entity/Q32836335,Bear Swamp
http://www.wikidata.org/entity/Q32836482,Beargarden Pocosin
http://www.wikidata.org/entity/Q32836635,Bearwell Pocosin
http://www.wikidata.org/entity/Q32837162,Beaver Dam Bay
http://www.wikidata.org/entity/Q32837163,Beaver Dam Bay
http://www.wikidata.org/entity/Q32837232,Beaver Dam Swamp
http://www.wikidata.org/entity/Q32837344,Beaverdam Bay
http://www.wikidata.org/entity/Q32837659,Beaverdam Dismal
http://www.wikidata.org/entity/Q32837666,Beaverdam Pocosin
http://www.wikidata.org/entity/Q32838247,Bee Island Bay
http://www.wikidata.org/entity/Q32838290,Bee Tree Bay
http://www.wikidata.org/entity/Q32838310,Bee Tree Swamp
http://www.wikidata.org/entity/Q32838543,Beech Swamp
http://www.wikidata.org/entity/Q32838686,Beks Bay
http://www.wikidata.org/entity/Q32839375,Bennett Bay
http://www.wikidata.org/entity/Q32839471,Bennetts Bay
http://www.wikidata.org/entity/Q32840216,Big Alligator Swamp
http://www.wikidata.org/entity/Q32840242,Big Bay
http://www.wikidata.org/entity/Q32840243,Big Bay
http://www.wikidata.org/entity/Q32840244,Big Bay
http://www.wikidata.org/entity/Q32840245,Big Bay
http://www.wikidata.org/entity/Q32840246,Big Bay
http://www.wikidata.org/entity/Q32840247,Big Bay
http://www.wikidata.org/entity/Q32840248,Big Bay
http://www.wikidata.org/entity/Q32840249,Big Bay
http://www.wikidata.org/entity/Q32840250,Big Bay
http://www.wikidata.org/entity/Q32840251,Big Bay
http://www.wikidata.org/entity/Q32840252,Big Bay
http://www.wikidata.org/entity/Q32840253,Big Bay
http://www.wikidata.org/entity/Q32840273,Big Bay Swamp
http://www.wikidata.org/entity/Q32840368,Big Branch
http://www.wikidata.org/entity/Q32840851,Big Colly Bay
http://www.wikidata.org/entity/Q32841229,Big Gallberry Bay
http://www.wikidata.org/entity/Q32841425,Big Juniper Bay
http://www.wikidata.org/entity/Q32841497,Big Marsh
http://www.wikidata.org/entity/Q32841568,Big Opening
http://www.wikidata.org/entity/Q32841608,Big Pocosin
http://www.wikidata.org/entity/Q32841829,Big Shoal Marsh
http://www.wikidata.org/entity/Q32841843,Big Slough
http://www.wikidata.org/entity/Q32841949,Big Swamp
http://www.wikidata.org/entity/Q32841967,Big Swash
http://www.wikidata.org/entity/Q32842019,Big White Bay
http://www.wikidata.org/entity/Q32842541,Bitch Bay
http://www.wikidata.org/entity/Q32842592,Black Bay
http://www.wikidata.org/entity/Q32842846,Black Creek Bay
http://www.wikidata.org/entity/Q32842878,Black Ground Bay
http://www.wikidata.org/entity/Q32842951,Black Mingle Pocosin
http://www.wikidata.org/entity/Q32843029,Black Swamp
http://www.wikidata.org/entity/Q32843030,Black Swamp
http://www.wikidata.org/entity/Q32843031,Black Swamp
http://www.wikidata.org/entity/Q32843032,Black Swamp
http://www.wikidata.org/entity/Q32843105,Blackfish Lake
http://www.wikidata.org/entity/Q32843563,Bloody Branch Bay
http://www.wikidata.org/entity/Q32843607,Blount Pocosin
http://www.wikidata.org/entity/Q32843609,Blounts Bay
http://www.wikidata.org/entity/Q32843761,Blue Desert
http://www.wikidata.org/entity/Q32843805,Blue Hole Swamp
http://www.wikidata.org/entity/Q32844089,Bluff Swamp
http://www.wikidata.org/entity/Q32844254,Bob Jones Swamp
http://www.wikidata.org/entity/Q32844258,Bob Peterson Bay
http://www.wikidata.org/entity/Q32844330,Bodie Island Marshes
http://www.wikidata.org/entity/Q32844357,Bog Bay
http://www.wikidata.org/entity/Q32844366,Bog Opening
http://www.wikidata.org/entity/Q32844368,Bog Scattering Pines
http://www.wikidata.org/entity/Q32844658,Boggy Swamp
http://www.wikidata.org/entity/Q32844703,Bogue Marsh
http://www.wikidata.org/entity/Q32845475,Brace Pocosin
http://www.wikidata.org/entity/Q32845920,Briar Bed
http://www.wikidata.org/entity/Q32846004,Brice Creek Pocoson
http://www.wikidata.org/entity/Q32846230,Briery Bay
http://www.wikidata.org/entity/Q32846243,Brigand Bay
http://www.wikidata.org/entity/Q32846307,Brisson Bay
http://www.wikidata.org/entity/Q32846400,Broad Creek Marsh
http://www.wikidata.org/entity/Q32846462,Broadneck Swamp
http://www.wikidata.org/entity/Q32846785,Brown Marsh Swamp
http://www.wikidata.org/entity/Q32846789,Brown Morse Swamp
http://www.wikidata.org/entity/Q32848207,Buck Slash Bay
http://www.wikidata.org/entity/Q32848209,Buck Swamp
http://www.wikidata.org/entity/Q32848301,Buckhorn Bay
http://www.wikidata.org/entity/Q32848366,Buckhorn Savanna
http://www.wikidata.org/entity/Q32848381,Buckle Swamp
http://www.wikidata.org/entity/Q32848384,Buckleberry Pocosin
http://www.wikidata.org/entity/Q32848630,Buffalo Creek Cypress Swamp
http://www.wikidata.org/entity/Q32849245,Burgaw Savannah
http://www.wikidata.org/entity/Q32849444,Burnt Bay
http://www.wikidata.org/entity/Q32849505,Burnt Pocoson
http://www.wikidata.org/entity/Q32849718,Bushy Bay
http://www.wikidata.org/entity/Q32849730,Bushy Lake
http://www.wikidata.org/entity/Q32849784,Butler Bay
http://www.wikidata.org/entity/Q32849785,Butler Bay
http://www.wikidata.org/entity/Q32849944,Buzzard Bay
http://www.wikidata.org/entity/Q32849945,Buzzard Bay
http://www.wikidata.org/entity/Q32849946,Buzzard Bay
http://www.wikidata.org/entity/Q32850399,Cain Bay
http://www.wikidata.org/entity/Q32850561,Calico Creek Marsh
http://www.wikidata.org/entity/Q32850727,Camp Bay
http://www.wikidata.org/entity/Q32852495,Caney Meadow
http://www.wikidata.org/entity/Q32852593,Cannon Swamp
http://www.wikidata.org/entity/Q32852789,Cape Fear Lowlands
http://www.wikidata.org/entity/Q34740436,Catholic Bay
http://www.wikidata.org/entity/Q34740695,Cattail Bay
http://www.wikidata.org/entity/Q34741151,Causeway Bay
http://www.wikidata.org/entity/Q49181632,Cawcaw Bay
http://www.wikidata.org/entity/Q34759767,Cedar Bay
http://www.wikidata.org/entity/Q49181637,Cedar Grove
http://www.wikidata.org/entity/Q49181698,Cedar Swamp Bay
http://www.wikidata.org/entity/Q49181726,Chancy Bay
http://www.wikidata.org/entity/Q34766597,Charlie Long Millpond
http://www.wikidata.org/entity/Q49181786,Chinquapin Bay
http://www.wikidata.org/entity/Q49181811,Church Bay
http://www.wikidata.org/entity/Q49181899,Clayton Bay
http://www.wikidata.org/entity/Q49181900,Clayton Bay
http://www.wikidata.org/entity/Q34783004,Club Bay
http://www.wikidata.org/entity/Q49181960,Colen Williams Bay
http://www.wikidata.org/entity/Q49181972,Colly Marsh
http://www.wikidata.org/entity/Q49181974,Colly Swamp
http://www.wikidata.org/entity/Q49181988,Conch Shoal Marsh
http://www.wikidata.org/entity/Q49181993,Connaritsa Pocosin
http://www.wikidata.org/entity/Q49182002,Contrary Swamp
http://www.wikidata.org/entity/Q49182014,Cooley Bay
http://www.wikidata.org/entity/Q49182057,Corson Bay
http://www.wikidata.org/entity/Q49182060,Cotton Head Bay
http://www.wikidata.org/entity/Q49182062,Cotton Head Bay
http://www.wikidata.org/entity/Q49182064,Cotton Patch Bay
http://www.wikidata.org/entity/Q49182085,Cove Swamp
http://www.wikidata.org/entity/Q49182092,Cow Bay
http://www.wikidata.org/entity/Q34662581,Cow Pen Bay (historical)
http://www.wikidata.org/entity/Q34662628,Coward Swamp
http://www.wikidata.org/entity/Q34662676,Cowpen Bay
http://www.wikidata.org/entity/Q34662716,Craggy Flats
http://www.wikidata.org/entity/Q34662802,Cromartie Marsh
http://www.wikidata.org/entity/Q34662840,Cross Bay
http://www.wikidata.org/entity/Q34662847,Cross Bay
http://www.wikidata.org/entity/Q34662869,Cross Swamp
http://www.wikidata.org/entity/Q34662919,Cumbee Bay
http://www.wikidata.org/entity/Q34662956,Curve of the Railroad Bay
http://www.wikidata.org/entity/Q34662990,Cypress Bay
http://www.wikidata.org/entity/Q34662995,Cypress Bay
http://www.wikidata.org/entity/Q34663005,Cypress Bay
http://www.wikidata.org/entity/Q34663009,Cypress Bay
http://www.wikidata.org/entity/Q34663014,Cypress Bay
http://www.wikidata.org/entity/Q34663000,Cypress Bay (historical)
http://www.wikidata.org/entity/Q34663098,Cypress Branch
http://www.wikidata.org/entity/Q34663115,Cypress Creek Bay
http://www.wikidata.org/entity/Q34663121,Cypress Creek Bay
http://www.wikidata.org/entity/Q34663179,Cypress Pond
http://www.wikidata.org/entity/Q34663183,Cypress Pond
http://www.wikidata.org/entity/Q34663241,Cypress Swamp
http://www.wikidata.org/entity/Q34663245,Cypress Swamp
http://www.wikidata.org/entity/Q49182993,Dark Bay
http://www.wikidata.org/entity/Q34664334,David Gam Bay
http://www.wikidata.org/entity/Q34664368,Davis Marsh
http://www.wikidata.org/entity/Q34664584,Deaver Bay
http://www.wikidata.org/entity/Q49183140,Devils Nest
http://www.wikidata.org/entity/Q49183157,Devils Woodyard
http://www.wikidata.org/entity/Q49183215,Dickenson Meadow
http://www.wikidata.org/entity/Q49183547,Dismal Bay
http://www.wikidata.org/entity/Q49183548,Dismal Bay
http://www.wikidata.org/entity/Q49183549,Dismal Bay
http://www.wikidata.org/entity/Q49183550,Dismal Bay
http://www.wikidata.org/entity/Q49183569,Ditch Bay
http://www.wikidata.org/entity/Q49183570,Ditch Bay
http://www.wikidata.org/entity/Q49183957,Doehead Bay
http://www.wikidata.org/entity/Q49183964,Doghead Bay
http://www.wikidata.org/entity/Q49183988,Dollisons Swamp
http://www.wikidata.org/entity/Q49184061,Double Branch Bay
http://www.wikidata.org/entity/Q49184063,Double Head Bay
http://www.wikidata.org/entity/Q49184109,Doxeys Salthouse
http://www.wikidata.org/entity/Q49184206,Drinking Pond
http://www.wikidata.org/entity/Q49184273,Drowned Bay
http://www.wikidata.org/entity/Q49184393,Duck Pond Swamp
http://www.wikidata.org/entity/Q49184864,East Dismal Swamp
http://www.wikidata.org/entity/Q49184877,Eb Bay
http://www.wikidata.org/entity/Q49184894,Edwards Pocosin
http://www.wikidata.org/entity/Q49185003,Egypt Swamp
http://www.wikidata.org/entity/Q49185828,Entry Bay
http://www.wikidata.org/entity/Q49186055,Etheridge Swamp
http://www.wikidata.org/entity/Q49186578,Fishpond Swamp
http://www.wikidata.org/entity/Q49187254,Flat Bay
http://www.wikidata.org/entity/Q49187255,Flat Bay
http://www.wikidata.org/entity/Q49187256,Flat Bay
http://www.wikidata.org/entity/Q49187264,Flat Pond
http://www.wikidata.org/entity/Q49187273,Flat Swamp
http://www.wikidata.org/entity/Q49187275,Flat Swamp
http://www.wikidata.org/entity/Q49187277,Flat Swamp
http://www.wikidata.org/entity/Q49187279,Flat Swamp
http://www.wikidata.org/entity/Q34676891,Flowers Swamp
http://www.wikidata.org/entity/Q49188093,Fox Bay
http://www.wikidata.org/entity/Q49188095,Fox Bay
http://www.wikidata.org/entity/Q34678346,Frenchs Creek Swamp
http://www.wikidata.org/entity/Q34678395,Friar Swamp
http://www.wikidata.org/entity/Q34678509,Frog Level Swamp
http://www.wikidata.org/entity/Q49188677,Gabriel Bay
http://www.wikidata.org/entity/Q49188754,Gallberry Bay
http://www.wikidata.org/entity/Q49188984,Gap Bay
http://www.wikidata.org/entity/Q49188985,Gap Bay
http://www.wikidata.org/entity/Q49188994,Gapway Swamp
http://www.wikidata.org/entity/Q49189131,Gaston Swamp
http://www.wikidata.org/entity/Q49189702,Glass Pond
http://www.wikidata.org/entity/Q34684923,Good Luck Bay
http://www.wikidata.org/entity/Q34684936,Goodman Swamp
http://www.wikidata.org/entity/Q34685003,Goose Pond
http://www.wikidata.org/entity/Q34685009,Goose Pond
http://www.wikidata.org/entity/Q34685262,Goshen Swamp
http://www.wikidata.org/entity/Q34685671,Grapevine Marsh
http://www.wikidata.org/entity/Q49190225,Gray Swamp
http://www.wikidata.org/entity/Q49190227,Gray Swamp
http://www.wikidata.org/entity/Q49190228,Grays Bay
http://www.wikidata.org/entity/Q1544257,Great Dismal Swamp
http://www.wikidata.org/entity/Q49190265,Great Marsh
http://www.wikidata.org/entity/Q49190280,Great Sandy Run Pocosin
http://www.wikidata.org/entity/Q49190306,Great Swamp
http://www.wikidata.org/entity/Q49190307,Great Swamp
http://www.wikidata.org/entity/Q49190332,Green Bay
http://www.wikidata.org/entity/Q49190367,Green Swamp
http://www.wikidata.org/entity/Q49190368,Green Swamp
http://www.wikidata.org/entity/Q49190481,Griffie Drain
http://www.wikidata.org/entity/Q49190560,Grindle Pocosin
http://www.wikidata.org/entity/Q49191469,Gully Bay
http://www.wikidata.org/entity/Q34690105,Gum Flat Bay
http://www.wikidata.org/entity/Q34690294,Gum Swamp
http://www.wikidata.org/entity/Q34690304,Gum Swamp
http://www.wikidata.org/entity/Q34690312,Gum Swamp
http://www.wikidata.org/entity/Q34690320,Gum Swamp
http://www.wikidata.org/entity/Q34690328,Gum Swamp
http://www.wikidata.org/entity/Q34690336,Gum Swamp
http://www.wikidata.org/entity/Q34690345,Gum Swamp
http://www.wikidata.org/entity/Q34690371,Gum Swamp Bay
http://www.wikidata.org/entity/Q49192121,Half Moon Pocosin
http://www.wikidata.org/entity/Q49192122,Half Moon Pocosin
http://www.wikidata.org/entity/Q49192139,Hall Pocosin
http://www.wikidata.org/entity/Q49193044,Harrells Bay
http://www.wikidata.org/entity/Q49193059,Harrison Creek Bay
http://www.wikidata.org/entity/Q49193083,Hasket Bay
http://www.wikidata.org/entity/Q49193116,Hatcher Swamp
http://www.wikidata.org/entity/Q49193219,Hattock Bay
http://www.wikidata.org/entity/Q34693688,Hawes Marsh
http://www.wikidata.org/entity/Q34693733,Head o' Bay
http://www.wikidata.org/entity/Q34693740,Head of Chinnis Branch
http://www.wikidata.org/entity/Q34693780,Hearts Delight Pocosin
http://www.wikidata.org/entity/Q49193877,Hell Swamp
http://www.wikidata.org/entity/Q34696794,Hester Bay
http://www.wikidata.org/entity/Q49194723,Hog Bay
http://www.wikidata.org/entity/Q49194737,Hog Island Swamp
http://www.wikidata.org/entity/Q49194756,Hog Swamp
http://www.wikidata.org/entity/Q49194757,Hog Swamp
http://www.wikidata.org/entity/Q49194767,Hoggard Swamp
http://www.wikidata.org/entity/Q49194993,Hollow Ground Swamp
http://www.wikidata.org/entity/Q28455708,Holly Shelter Swamp
http://www.wikidata.org/entity/Q49195244,Holts Pond
http://www.wikidata.org/entity/Q49195353,Honey Bay
http://www.wikidata.org/entity/Q49195361,Honey Island Swamp
http://www.wikidata.org/entity/Q49195365,Honey Pot Swamp
http://www.wikidata.org/entity/Q49195463,Horne Swamp
http://www.wikidata.org/entity/Q49195501,Horse Marsh
http://www.wikidata.org/entity/Q49195506,Horse Pen Bay
http://www.wikidata.org/entity/Q49195512,Horse Swamp
http://www.wikidata.org/entity/Q49195513,Horse Swamp
http://www.wikidata.org/entity/Q49195527,Horsepen Bay
http://www.wikidata.org/entity/Q49195529,Horsepen Bay
http://www.wikidata.org/entity/Q49195533,Horsepen Pocosin
http://www.wikidata.org/entity/Q49195535,Horsepen Pocosin
http://www.wikidata.org/entity/Q49195537,Horsepen Swamp
http://www.wikidata.org/entity/Q49195539,Horseshoe Bay
http://www.wikidata.org/entity/Q49195680,Howard Bay
http://www.wikidata.org/entity/Q49195686,Howell Swamp
http://www.wikidata.org/entity/Q49195703,Huckleberry Bay
http://www.wikidata.org/entity/Q49195711,Huckleberry Pond
http://www.wikidata.org/entity/Q49195725,Huggins Bay
http://www.wikidata.org/entity/Q49195733,Huitt Bay
http://www.wikidata.org/entity/Q49196926,Indian Camp Bay
http://www.wikidata.org/entity/Q49196927,Indian Camp Swamp
http://www.wikidata.org/entity/Q49196950,Indian Swamp
http://www.wikidata.org/entity/Q34704209,Iron Springs Bay
http://www.wikidata.org/entity/Q34704347,Island Branch Swamp
http://www.wikidata.org/entity/Q34704396,Island Swamp
http://www.wikidata.org/entity/Q49197147,J and W Dismal Swamp
http://www.wikidata.org/entity/Q49197184,Jackson Bay
http://www.wikidata.org/entity/Q49197195,Jackson Swamp
http://www.wikidata.org/entity/Q49197197,Jacob Bay
http://www.wikidata.org/entity/Q49197198,Jacob Swamp
http://www.wikidata.org/entity/Q34705392,Jeanette Sedge
http://www.wikidata.org/entity/Q34705588,Jennette Sedge
http://www.wikidata.org/entity/Q34705619,Jenrette Bay
http://www.wikidata.org/entity/Q34706428,Jim Bay
http://www.wikidata.org/entity/Q49197464,Johns Swamp
http://www.wikidata.org/entity/Q49197487,Johnson Mill Bay
http://www.wikidata.org/entity/Q49197491,Johnson Pond
http://www.wikidata.org/entity/Q49197606,Jones Lake Bay
http://www.wikidata.org/entity/Q49197608,Jones Pocosin
http://www.wikidata.org/entity/Q49197620,Jones Swamps
http://www.wikidata.org/entity/Q49197879,Judith Marsh
http://www.wikidata.org/entity/Q49197912,Juniper Bay
http://www.wikidata.org/entity/Q49197915,Juniper Bay
http://www.wikidata.org/entity/Q49197917,Juniper Bay
http://www.wikidata.org/entity/Q49197919,Juniper Bay
http://www.wikidata.org/entity/Q49197925,Juniper Pond
http://www.wikidata.org/entity/Q49197931,Juniper Swamp
http://www.wikidata.org/entity/Q49197933,Juniper Swamp
http://www.wikidata.org/entity/Q49199392,Keeter Bay
http://www.wikidata.org/entity/Q49199401,Keith Bay
http://www.wikidata.org/entity/Q49199410,Kelly Swamp
http://www.wikidata.org/entity/Q49199421,Kerr Marsh
http://www.wikidata.org/entity/Q49199574,King Point Marsh
http://www.wikidata.org/entity/Q49199581,King Swamp
http://www.wikidata.org/entity/Q49199592,Kings Bay
http://www.wikidata.org/entity/Q34721217,Lake Myra
http://www.wikidata.org/entity/Q34721274,Lake Swamp
http://www.wikidata.org/entity/Q34721318,Lakes Pocosin
http://www.wikidata.org/entity/Q34721454,Lamberts Bay
http://www.wikidata.org/entity/Q34721505,Lamms Pond
http://www.wikidata.org/entity/Q49205407,Lassiter Swamp
http://www.wikidata.org/entity/Q49205523,Laurel Swamp
http://www.wikidata.org/entity/Q49205617,Lee Hugh Bay
http://www.wikidata.org/entity/Q49205620,Lee Lake
http://www.wikidata.org/entity/Q49206016,Lewis Lake
http://www.wikidata.org/entity/Q49206168,Light Ground Pocosin
http://www.wikidata.org/entity/Q49206169,Light Swamp
http://www.wikidata.org/entity/Q34732020,Little Alligator Swamp
http://www.wikidata.org/entity/Q34732049,Little Bluff Swamp
http://www.wikidata.org/entity/Q34732120,Little Colly Bay
http://www.wikidata.org/entity/Q34732170,Little Dismal Swamp
http://www.wikidata.org/entity/Q34732188,Little Gallberry Bay
http://www.wikidata.org/entity/Q34732233,Little Green Swamp
http://www.wikidata.org/entity/Q34732301,Little Hog Swamp
http://www.wikidata.org/entity/Q34732314,Little Horseshoe Bay
http://www.wikidata.org/entity/Q34732323,Little Juniper Bay
http://www.wikidata.org/entity/Q34732518,Little Swamp
http://www.wikidata.org/entity/Q49207346,Log Pine Bay
http://www.wikidata.org/entity/Q49207877,Long Bay
http://www.wikidata.org/entity/Q49207880,Long Bay
http://www.wikidata.org/entity/Q49207881,Long Bay
http://www.wikidata.org/entity/Q49207885,Long Bay
http://www.wikidata.org/entity/Q49207892,Long Bays
http://www.wikidata.org/entity/Q49207952,Long Marsh
http://www.wikidata.org/entity/Q49208496,Lucas Mill Creek Swamp
http://www.wikidata.org/entity/Q49209059,Lyon Swamp
http://www.wikidata.org/entity/Q34735747,MacDonald Swamp
http://www.wikidata.org/entity/Q34736579,Maple Bay
http://www.wikidata.org/entity/Q34736628,Maple Swamp
http://www.wikidata.org/entity/Q34737649,Mark Pine Bay
http://www.wikidata.org/entity/Q34737814,Marry Branch Bay
http://www.wikidata.org/entity/Q34737832,Marsh Bay
http://www.wikidata.org/entity/Q34737856,Marshall Bay
http://www.wikidata.org/entity/Q34738052,Mashoes Marsh
http://www.wikidata.org/entity/Q49209718,Mathis Pond
http://www.wikidata.org/entity/Q34738875,McCall Swamp
http://www.wikidata.org/entity/Q34738911,McColskey Bay
http://www.wikidata.org/entity/Q34739054,Meadow Bay
http://www.wikidata.org/entity/Q34739080,Meares Bay
http://www.wikidata.org/entity/Q34739086,Meares Bay
http://www.wikidata.org/entity/Q34741699,Middle Marshes
http://www.wikidata.org/entity/Q34741708,Middle Swamp
http://www.wikidata.org/entity/Q34741716,Middle Swamp
http://www.wikidata.org/entity/Q49209894,Mill Bay
http://www.wikidata.org/entity/Q49209896,Mill Bay
http://www.wikidata.org/entity/Q49209913,Mill Pond
http://www.wikidata.org/entity/Q49209922,Mill Swamp
http://www.wikidata.org/entity/Q49209924,Mill Swamp
http://www.wikidata.org/entity/Q49209925,Mill Swamp
http://www.wikidata.org/entity/Q49209953,Millpond Bay
http://www.wikidata.org/entity/Q49210653,Moore Swamp
http://www.wikidata.org/entity/Q49210693,Morgan Swamp
http://www.wikidata.org/entity/Q34745258,Murphy Bay
http://www.wikidata.org/entity/Q34745273,Murphy Swamp
http://www.wikidata.org/entity/Q49212895,New Lake
http://www.wikidata.org/entity/Q49212919,Newport Marshes
http://www.wikidata.org/entity/Q49213186,No Ache
http://www.wikidata.org/entity/Q49213194,Nobels Millpond
http://www.wikidata.org/entity/Q49213867,North River Marsh
http://www.wikidata.org/entity/Q49214097,Oaky Swamp
http://www.wikidata.org/entity/Q49214195,Odom Bay
http://www.wikidata.org/entity/Q49214646,Old Field Swamp
http://www.wikidata.org/entity/Q49214724,Olin Tatum Millpond Bay
http://www.wikidata.org/entity/Q49214836,One Thousand Marshes
http://www.wikidata.org/entity/Q34759881,Otter Slide Bay
http://www.wikidata.org/entity/Q49215114,Pagett Bay
http://www.wikidata.org/entity/Q49215262,Pantego Swamp
http://www.wikidata.org/entity/Q49215270,Panther Bay
http://www.wikidata.org/entity/Q49215273,Panther Bay
http://www.wikidata.org/entity/Q49215304,Paris Millpond
http://www.wikidata.org/entity/Q49215350,Pasture Branch Swamp
http://www.wikidata.org/entity/Q49216033,Pell Mell Pocosin
http://www.wikidata.org/entity/Q49216065,Penderdam Bay
http://www.wikidata.org/entity/Q49216319,Peters Creek Bay
http://www.wikidata.org/entity/Q49216325,Peters Swamp
http://www.wikidata.org/entity/Q49216427,Pigeon Bay
http://www.wikidata.org/entity/Q49216507,Pine Log Bay
http://www.wikidata.org/entity/Q49216512,Pine Log Swamp
http://www.wikidata.org/entity/Q49216588,Pinks Bay
http://www.wikidata.org/entity/Q34763935,Providence Swamp (historical)
http://www.wikidata.org/entity/Q49217980,Quinine Swamp
http://www.wikidata.org/entity/Q34764953,Raccoon Swamp
http://www.wikidata.org/entity/Q34764959,Raccoon Swamp
http://www.wikidata.org/entity/Q34765087,Rafe Bay
http://www.wikidata.org/entity/Q34765326,Rake Shin Bay
http://www.wikidata.org/entity/Q49218048,Rattlesnake Bay
http://www.wikidata.org/entity/Q34766198,Rattlesnake Swamp
http://www.wikidata.org/entity/Q34767755,Raven Bay
http://www.wikidata.org/entity/Q34767884,Ready Bay
http://www.wikidata.org/entity/Q34767893,Ready Branch Opening
http://www.wikidata.org/entity/Q34767900,Ready Branch Opening
http://www.wikidata.org/entity/Q34767959,Red Hill Swamp
http://www.wikidata.org/entity/Q34767983,Red Pond
http://www.wikidata.org/entity/Q49218066,Redding Bay
http://www.wikidata.org/entity/Q49218076,Redwater Bay
http://www.wikidata.org/entity/Q49218086,Reed Marsh
http://www.wikidata.org/entity/Q49218101,Reedy Branch
http://www.wikidata.org/entity/Q49218102,Reedy Branch Bay
http://www.wikidata.org/entity/Q49218113,Reedy Pocosin
http://www.wikidata.org/entity/Q49218116,Reedys Swamp
http://www.wikidata.org/entity/Q49218601,Rhodes Bay
http://www.wikidata.org/entity/Q49218631,Rice Pond Bay
http://www.wikidata.org/entity/Q49218634,Rices Pocosin
http://www.wikidata.org/entity/Q49218652,Ridgepole Swamp
http://www.wikidata.org/entity/Q49218907,River Swamp
http://www.wikidata.org/entity/Q49218908,River Swamp
http://www.wikidata.org/entity/Q49218910,River Swamp
http://www.wikidata.org/entity/Q41643712,Roanoke Marsh
http://www.wikidata.org/entity/Q49218937,Roanoke Marsh
http://www.wikidata.org/entity/Q49218960,Robertsons Pond
http://www.wikidata.org/entity/Q49218965,Robin Bay
http://www.wikidata.org/entity/Q49219020,Rogers Bay
http://www.wikidata.org/entity/Q49219185,Rollins Bay
http://www.wikidata.org/entity/Q49219303,Roquist Pocosin
http://www.wikidata.org/entity/Q49219477,Round Pond
http://www.wikidata.org/entity/Q49219478,Round Pond
http://www.wikidata.org/entity/Q49219485,Round Pond Bay
http://www.wikidata.org/entity/Q49219514,Rowan Swamp
http://www.wikidata.org/entity/Q49219607,Rumley Marsh
http://www.wikidata.org/entity/Q49219614,Run of Swamp
http://www.wikidata.org/entity/Q49220742,Saddletree Swamp
http://www.wikidata.org/entity/Q49221246,Salters Lake Bay
http://www.wikidata.org/entity/Q49221383,Sand Hill Bay
http://www.wikidata.org/entity/Q49221385,Sand Hill Bay
http://www.wikidata.org/entity/Q49221395,Sand Pit Bay
http://www.wikidata.org/entity/Q49221633,Sandy Fork Bay
http://www.wikidata.org/entity/Q49221737,Sasspan Bay
http://www.wikidata.org/entity/Q49222015,Sawhorn Bay
http://www.wikidata.org/entity/Q49222017,Sawmill Bay
http://www.wikidata.org/entity/Q49222044,Schoolhouse Bay
http://www.wikidata.org/entity/Q49222059,Scoggin Bay
http://www.wikidata.org/entity/Q49222074,Scotts Mill Branch
http://www.wikidata.org/entity/Q49222538,Sewell Bay
http://www.wikidata.org/entity/Q49222539,Sewell Bay
http://www.wikidata.org/entity/Q49222551,Shaky Bay
http://www.wikidata.org/entity/Q49222565,Shanty Bay
http://www.wikidata.org/entity/Q49222591,Sheephead Marsh
http://www.wikidata.org/entity/Q49222595,Shelley Bay
http://www.wikidata.org/entity/Q49222621,Shingletree Bay
http://www.wikidata.org/entity/Q49222887,Simmons Bay
http://www.wikidata.org/entity/Q49222893,Simmons Mill Pond
http://www.wikidata.org/entity/Q49222920,Sims Pond Bay
http://www.wikidata.org/entity/Q49222937,Singed Pig Bay
http://www.wikidata.org/entity/Q49222940,Singletary Swamp
http://www.wikidata.org/entity/Q49222942,Singletons Bay
http://www.wikidata.org/entity/Q49226440,Slap Swamp
http://www.wikidata.org/entity/Q49226510,Slender Bay
http://www.wikidata.org/entity/Q49226791,Sloans Bay
http://www.wikidata.org/entity/Q49227152,Smith Bay
http://www.wikidata.org/entity/Q49227180,Smiths Mill Bay
http://www.wikidata.org/entity/Q49228071,Snows Marsh
http://www.wikidata.org/entity/Q49228387,Soldier Bay
http://www.wikidata.org/entity/Q49229303,Spring Branch Bay
http://www.wikidata.org/entity/Q49230087,Stanland Bay
http://www.wikidata.org/entity/Q49230218,Station Bay
http://www.wikidata.org/entity/Q35720645,Strauss Swamp
http://www.wikidata.org/entity/Q35733584,Tar Cove Marsh
http://www.wikidata.org/entity/Q35733736,Tarkiln Bay
http://www.wikidata.org/entity/Q35733957,Tatum Millpond Bay
http://www.wikidata.org/entity/Q34668418,The Desert
http://www.wikidata.org/entity/Q34668476,The Great Swash
http://www.wikidata.org/entity/Q34668601,The Pocosin
http://www.wikidata.org/entity/Q34668608,The Pocosin
http://www.wikidata.org/entity/Q34668726,Thomas Bay
http://www.wikidata.org/entity/Q34668741,Thomas Marsh
http://www.wikidata.org/entity/Q34668835,Thorofare Swamp
http://www.wikidata.org/entity/Q34668842,Thoroughfare Bay
http://www.wikidata.org/entity/Q34668951,Thumb Swamp
http://www.wikidata.org/entity/Q35735604,Till Bay
http://www.wikidata.org/entity/Q49232424,Town Marsh
http://www.wikidata.org/entity/Q49232427,Town Swamp
http://www.wikidata.org/entity/Q49232670,Trent Marsh
http://www.wikidata.org/entity/Q49233648,Tupelo Bay
http://www.wikidata.org/entity/Q49233712,Turkey Pond
http://www.wikidata.org/entity/Q49233730,Turkeypen Bay
http://www.wikidata.org/entity/Q49233740,Turnbull Swamp
http://www.wikidata.org/entity/Q34679008,Two Pond Bay
http://www.wikidata.org/entity/Q34681626,Van Swamp
http://www.wikidata.org/entity/Q49237202,Vines Bay
http://www.wikidata.org/entity/Q49238350,Wahtom Pocosin
http://www.wikidata.org/entity/Q34687614,Walnut Pocosin
http://www.wikidata.org/entity/Q34687629,Wam Squam Bay
http://www.wikidata.org/entity/Q34687664,Ward Bay
http://www.wikidata.org/entity/Q34687795,Water Hole Bay
http://www.wikidata.org/entity/Q34687913,Webb Bay
http://www.wikidata.org/entity/Q7995148,White Oak Pocosin
http://www.wikidata.org/entity/Q34688393,White Oak Swamp
http://www.wikidata.org/entity/Q34688423,White Pond Bay
http://www.wikidata.org/entity/Q34688432,White Pond Bay
http://www.wikidata.org/entity/Q34688440,White Shoal Marsh
http://www.wikidata.org/entity/Q34688525,Whiteoak Pocosin
http://www.wikidata.org/entity/Q49238451,Wide Bay
http://www.wikidata.org/entity/Q49238458,Wild Cattle Swamp
http://www.wikidata.org/entity/Q49238465,Wildcat Bay
http://www.wikidata.org/entity/Q49238468,Wildcat Bay
http://www.wikidata.org/entity/Q49238501,Williams Bays
http://www.wikidata.org/entity/Q49238572,Winnie Moore Bay
http://www.wikidata.org/entity/Q34688993,Wolf Bay
http://www.wikidata.org/entity/Q34689023,Wolf Pen Bay
http://www.wikidata.org/entity/Q34689174,Wolfs Bay
http://www.wikidata.org/entity/Q34689182,Wolves Den
http://www.wikidata.org/entity/Q34689238,Woolie Swamp
